{
    "installed": {
        "client_id": "840414496991-c14hlu6v1ad1aqkpbqf93q71d8j7ist3.apps.googleusercontent.com",
        "project_id": "callendarsinemkaraca",
        "auth_uri": "https://accounts.google.com/o/oauth2/auth",
        "token_uri": "https://oauth2.googleapis.com/token",
        "auth_provider_x509_cert_url": "https://www.googleapis.com/oauth2/v1/certs",
        "client_secret": "7COFZv_X0Wrk70NmvjmyRon1",
        "redirect_uris": [
            "urn:ietf:wg:oauth:2.0:oob",
            "http://localhost"
        ]
    }
}